,선종,상태
0,낚시어선,이동
1,낚시어선,조업
2,낚시어선,표류
3,등광조망,이동
4,등광조망,표류
5,범장망,이동
6,범장망,조업
7,범장망,표류
8,안강망,이동
9,안강망,조업
10,안강망,표류
11,연승,이동
12,연승,표류
13,유망,이동
14,유망,조업
15,유망,표류
16,저인망,이동
17,저인망,조업
18,저인망,표류
19,채낚기,표류
20,채낚기,이동
21,채낚기,조업
22,타망,이동
23,타망,조업
24,타망,표류
25,통발,이동
26,통발,조업
27,통발,표류
28,등광조망,조업
29,낚시어선,이동
30,낚시어선,조업
31,낚시어선,표류
32,등광조망,이동
33,등광조망,조업
34,등광조망,표류
35,범장망,이동
36,범장망,조업
37,범장망,표류
38,안강망,이동
39,안강망,조업
40,안강망,표류
41,연승,이동
42,연승,표류
43,유망,이동
44,유망,조업
45,유망,표류
46,저인망,이동
47,저인망,조업
48,채낚기,이동
49,채낚기,표류
50,타망,이동
51,타망,조업
52,타망,표류
53,통발,이동
54,통발,표류
55,타망,이동
56,범장망,이동
57,범장망,표류
58,유망,표류
59,타망,조업
60,타망,표류
61,타망,이동
62,범장망,이동
63,범장망,표류
64,유망,표류
65,타망,조업
66,타망,표류
67,타망,이동
68,범장망,이동
69,범장망,표류
70,유망,표류
71,타망,조업
72,타망,표류
73,타망,이동
74,범장망,이동
75,범장망,표류
76,유망,표류
77,타망,조업
78,타망,표류
79,타망,이동
80,범장망,이동
81,범장망,표류
82,유망,표류
83,타망,조업
84,타망,표류
85,범장망,이동
86,범장망,표류
87,유망,표류
88,타망,조업
89,타망,표류
90,타망,이동
91,범장망,이동
92,범장망,표류
93,유망,표류
94,타망,조업
95,타망,표류
96,타망,이동
97,범장망,이동
98,범장망,표류
99,유망,표류
100,타망,조업
101,타망,표류
102,타망,이동
103,범장망,이동
104,범장망,표류
105,유망,표류
106,타망,조업
107,타망,표류
108,타망,이동
109,범장망,이동
110,범장망,표류
111,유망,표류
112,타망,조업
113,타망,표류
114,낚시어선,이동
115,낚시어선,조업
116,등광조망,이동
117,등광조망,조업
118,등광조망,표류
119,범장망,이동
120,범장망,조업
121,범장망,표류
122,안강망,이동
123,안강망,조업
124,연승,이동
125,연승,표류
126,유망,이동
127,유망,조업
128,유망,표류
129,저인망,이동
130,저인망,조업
131,채낚기,이동
132,채낚기,표류
133,타망,이동
134,타망,조업
135,타망,표류
136,통발,이동
137,통발,표류
138,타망,이동
139,범장망,이동
140,범장망,표류
141,유망,표류
142,타망,조업
143,타망,표류
144,타망,이동
145,범장망,이동
146,범장망,표류
147,유망,표류
148,타망,조업
149,타망,표류
150,타망,이동
151,범장망,이동
152,범장망,표류
153,유망,표류
154,타망,조업
155,타망,표류
156,타망,이동
157,범장망,이동
158,범장망,표류
159,유망,표류
160,타망,조업
161,타망,표류
162,타망,이동
163,범장망,표류
164,유망,표류
165,타망,조업
166,타망,표류
167,타망,이동
168,범장망,표류
169,유망,표류
170,타망,조업
171,타망,표류
172,타망,이동
173,유망,표류
174,타망,조업
175,타망,표류
176,범장망,표류
177,타망,이동
178,범장망,표류
179,유망,표류
180,타망,조업
181,타망,표류
182,타망,이동
183,범장망,표류
184,유망,표류
185,타망,조업
186,타망,표류
187,타망,이동
188,범장망,표류
189,유망,표류
190,타망,표류
191,등광조망,조업
192,낚시어선,조업
193,등광조망,이동
194,등광조망,표류
195,범장망,이동
196,범장망,조업
197,범장망,표류
198,안강망,이동
199,안강망,조업
200,안강망,표류
201,연승,이동
202,연승,표류
203,유망,이동
204,유망,조업
205,유망,표류
206,저인망,이동
207,저인망,조업
208,채낚기,이동
209,타망,이동
210,타망,조업
211,타망,표류
212,통발,이동
213,타망,이동
214,범장망,표류
215,유망,표류
216,타망,조업
217,타망,표류
218,타망,이동
219,범장망,표류
220,유망,표류
221,타망,조업
222,타망,표류
223,타망,이동
224,범장망,표류
225,유망,표류
226,타망,조업
227,타망,표류
228,타망,이동
229,범장망,표류
230,유망,표류
231,타망,조업
232,타망,표류
233,타망,이동
234,범장망,표류
235,유망,표류
236,타망,조업
237,타망,표류
238,타망,이동
239,범장망,표류
240,유망,표류
241,타망,조업
242,타망,표류
243,타망,이동
244,범장망,표류
245,유망,표류
246,타망,조업
247,타망,이동
248,범장망,표류
249,유망,표류
250,타망,조업
251,타망,이동
252,범장망,표류
253,유망,표류
254,타망,조업
255,타망,이동
256,범장망,표류
257,유망,표류
258,타망,조업
259,낚시어선,이동
260,낚시어선,조업
261,등광조망,이동
262,등광조망,조업
263,범장망,이동
264,범장망,조업
265,범장망,표류
266,안강망,이동
267,안강망,조업
268,안강망,표류
269,연승,이동
270,연승,표류
271,유망,이동
272,유망,조업
273,유망,표류
274,저인망,이동
275,저인망,조업
276,채낚기,이동
277,채낚기,표류
278,타망,이동
279,타망,조업
280,타망,표류
281,통발,이동
282,타망,이동
283,범장망,표류
284,타망,조업
285,범장망,표류
286,타망,이동
287,타망,조업
288,범장망,표류
289,타망,이동
290,타망,조업
291,범장망,표류
292,타망,이동
293,타망,조업
294,범장망,표류
295,타망,이동
296,범장망,표류
297,타망,이동
298,범장망,표류
299,타망,이동
300,범장망,표류
301,타망,이동
302,범장망,표류
303,타망,이동
304,범장망,표류
305,타망,이동
306,낚시어선,이동
307,낚시어선,조업
308,등광조망,이동
309,등광조망,조업
310,등광조망,표류
311,범장망,이동
312,범장망,조업
313,범장망,표류
314,안강망,이동
315,안강망,조업
316,안강망,표류
317,연승,이동
318,연승,표류
319,유망,이동
320,유망,표류
321,저인망,이동
322,저인망,조업
323,채낚기,이동
324,채낚기,표류
325,타망,이동
326,타망,조업
327,타망,표류
328,통발,이동
329,범장망,표류
330,타망,이동
331,범장망,표류
332,타망,이동
333,범장망,표류
334,타망,이동
335,범장망,표류
336,타망,이동
337,범장망,표류
338,타망,이동
339,범장망,표류
340,타망,이동
341,범장망,표류
342,타망,이동
343,범장망,표류
344,타망,이동
345,범장망,표류
346,타망,이동
347,범장망,표류
348,타망,이동
349,낚시어선,이동
350,낚시어선,조업
351,등광조망,이동
352,등광조망,조업
353,등광조망,표류
354,범장망,이동
355,범장망,조업
356,범장망,표류
357,안강망,이동
358,안강망,조업
359,안강망,표류
360,연승,이동
361,연승,표류
362,유망,이동
363,유망,조업
364,유망,표류
365,저인망,조업
366,채낚기,이동
367,채낚기,표류
368,타망,이동
369,타망,조업
370,타망,표류
371,범장망,표류
372,타망,이동
373,범장망,표류
374,타망,이동
375,범장망,표류
376,타망,이동
377,범장망,표류
378,타망,이동
379,범장망,표류
380,타망,이동
381,범장망,표류
382,타망,이동
383,범장망,표류
384,타망,이동
385,범장망,표류
386,타망,이동
387,범장망,표류
388,타망,이동
389,범장망,표류
390,타망,이동
391,낚시어선,이동
392,낚시어선,조업
393,등광조망,이동
394,등광조망,조업
395,등광조망,표류
396,범장망,이동
397,범장망,조업
398,범장망,표류
399,안강망,이동
400,안강망,조업
401,안강망,표류
402,연승,이동
403,연승,표류
404,유망,조업
405,유망,표류
406,저인망,이동
407,저인망,조업
408,채낚기,이동
409,채낚기,표류
410,타망,이동
411,타망,조업
412,타망,표류
413,통발,이동
414,범장망,표류
415,타망,이동
416,범장망,표류
417,타망,이동
418,범장망,표류
419,범장망,표류
420,타망,이동
421,범장망,표류
422,타망,이동
423,범장망,표류
424,타망,이동
425,범장망,표류
426,타망,이동
427,범장망,표류
428,타망,이동
429,범장망,표류
430,타망,이동
431,범장망,표류
432,낚시어선,이동
433,낚시어선,조업
434,등광조망,이동
435,등광조망,조업
436,등광조망,표류
437,범장망,이동
438,범장망,조업
439,범장망,표류
440,안강망,이동
441,연승,이동
442,연승,표류
443,유망,이동
444,유망,조업
445,유망,표류
446,저인망,이동
447,채낚기,이동
448,채낚기,표류
449,타망,이동
450,타망,조업
451,타망,표류
452,통발,이동
453,범장망,표류
454,범장망,표류
455,범장망,표류
456,범장망,표류
457,범장망,표류
458,범장망,표류
459,범장망,표류
460,범장망,표류
461,범장망,표류
462,범장망,표류
463,낚시어선,이동
464,낚시어선,조업
465,등광조망,이동
466,등광조망,조업
467,등광조망,표류
468,범장망,이동
469,범장망,조업
470,범장망,표류
471,안강망,이동
472,연승,이동
473,연승,표류
474,유망,이동
475,유망,조업
476,유망,표류
477,저인망,이동
478,저인망,조업
479,채낚기,표류
480,타망,이동
481,타망,조업
482,타망,표류
483,통발,이동
484,범장망,표류
485,범장망,표류
486,범장망,표류
487,범장망,표류
488,범장망,표류
489,범장망,표류
490,범장망,표류
491,범장망,표류
492,범장망,표류
493,범장망,표류
494,낚시어선,이동
495,낚시어선,조업
496,등광조망,이동
497,등광조망,조업
498,등광조망,표류
499,범장망,이동
500,범장망,조업
501,범장망,표류
502,안강망,이동
503,연승,이동
504,연승,표류
505,유망,이동
506,유망,조업
507,유망,표류
508,저인망,이동
509,저인망,조업
510,채낚기,표류
511,타망,이동
512,타망,조업
513,타망,표류
514,통발,이동
515,범장망,표류
516,범장망,표류
517,범장망,표류
518,범장망,표류
519,범장망,표류
520,범장망,표류
521,범장망,표류
522,범장망,표류
523,범장망,표류
524,범장망,표류
525,낚시어선,이동
526,낚시어선,조업
527,낚시어선,표류
528,등광조망,이동
529,등광조망,표류
530,범장망,이동
531,범장망,조업
532,범장망,표류
533,안강망,이동
534,안강망,표류
535,연승,이동
536,연승,표류
537,유망,이동
538,유망,조업
539,유망,표류
540,저인망,이동
541,저인망,조업
542,저인망,표류
543,채낚기,표류
544,채낚기,이동
545,채낚기,조업
546,타망,이동
547,타망,조업
548,타망,표류
549,통발,이동
550,통발,조업
551,통발,표류
552,등광조망,조업
553,낚시어선,이동
554,낚시어선,조업
555,등광조망,이동
556,등광조망,조업
557,등광조망,표류
558,범장망,이동
559,범장망,조업
560,범장망,표류
561,안강망,이동
562,연승,이동
563,연승,표류
564,유망,이동
565,유망,표류
566,저인망,이동
567,저인망,조업
568,채낚기,표류
569,타망,이동
570,타망,조업
571,타망,표류
572,통발,이동
573,범장망,표류
574,범장망,표류
575,범장망,표류
576,범장망,표류
577,범장망,표류
578,범장망,표류
579,범장망,표류
580,범장망,표류
581,범장망,표류
582,범장망,표류
583,낚시어선,이동
584,낚시어선,조업
585,등광조망,이동
586,등광조망,조업
587,등광조망,표류
588,범장망,이동
589,범장망,조업
590,범장망,표류
591,안강망,이동
592,연승,이동
593,유망,이동
594,유망,조업
595,유망,표류
596,저인망,이동
597,저인망,조업
598,채낚기,표류
599,타망,이동
600,타망,표류
601,통발,이동
602,범장망,표류
603,범장망,표류
604,범장망,표류
605,범장망,표류
606,범장망,표류
607,범장망,표류
608,범장망,표류
609,범장망,표류
610,범장망,표류
611,범장망,표류
612,낚시어선,이동
613,낚시어선,조업
614,등광조망,이동
615,등광조망,조업
616,등광조망,표류
617,범장망,이동
618,범장망,조업
619,범장망,표류
620,안강망,이동
621,연승,이동
622,연승,표류
623,유망,이동
624,유망,조업
625,유망,표류
626,저인망,이동
627,저인망,조업
628,채낚기,표류
629,타망,이동
630,타망,조업
631,타망,표류
632,통발,이동
633,범장망,표류
634,범장망,표류
635,범장망,표류
636,범장망,표류
637,범장망,표류
638,범장망,표류
639,범장망,표류
640,범장망,표류
641,범장망,표류
642,범장망,표류
643,낚시어선,이동
644,낚시어선,조업
645,등광조망,조업
646,등광조망,표류
647,범장망,이동
648,범장망,조업
649,범장망,표류
650,연승,이동
651,연승,표류
652,유망,이동
653,유망,조업
654,유망,표류
655,저인망,이동
656,저인망,조업
657,채낚기,표류
658,타망,이동
659,타망,조업
660,타망,표류
661,통발,이동
662,등광조망,이동
663,범장망,표류
664,범장망,표류
665,범장망,표류
666,범장망,표류
667,범장망,표류
668,범장망,표류
669,범장망,표류
670,범장망,표류
671,범장망,표류
672,범장망,표류
673,낚시어선,이동
674,낚시어선,조업
675,등광조망,이동
676,등광조망,조업
677,등광조망,표류
678,범장망,이동
679,범장망,조업
680,연승,이동
681,유망,이동
682,유망,조업
683,유망,표류
684,저인망,이동
685,저인망,조업
686,채낚기,표류
687,타망,이동
688,타망,조업
689,타망,표류
690,통발,이동
691,범장망,표류
692,범장망,표류
693,범장망,표류
694,범장망,표류
695,범장망,표류
696,범장망,표류
697,범장망,표류
698,범장망,표류
699,범장망,표류
700,범장망,표류
701,낚시어선,이동
702,낚시어선,조업
703,등광조망,조업
704,범장망,이동
705,범장망,표류
706,연승,이동
707,유망,이동
708,유망,조업
709,유망,표류
710,저인망,이동
711,채낚기,표류
712,타망,이동
713,타망,조업
714,타망,표류
715,범장망,표류
716,범장망,표류
717,범장망,표류
718,범장망,표류
719,범장망,표류
720,범장망,표류
721,범장망,표류
722,범장망,표류
723,범장망,표류
724,범장망,표류
725,낚시어선,이동
726,낚시어선,조업
727,등광조망,이동
728,등광조망,조업
729,범장망,표류
730,연승,이동
731,유망,이동
732,유망,조업
733,유망,표류
734,저인망,이동
735,채낚기,표류
736,타망,이동
737,타망,조업
738,타망,표류
739,통발,이동
740,범장망,표류
741,범장망,표류
742,범장망,표류
743,범장망,표류
744,범장망,표류
745,범장망,표류
746,범장망,표류
747,범장망,표류
748,범장망,표류
749,범장망,표류
750,낚시어선,이동
751,낚시어선,조업
752,등광조망,이동
753,등광조망,조업
754,범장망,이동
755,범장망,표류
756,연승,이동
757,유망,이동
758,유망,조업
759,유망,표류
760,저인망,이동
761,채낚기,표류
762,타망,이동
763,타망,조업
764,타망,표류
765,통발,이동
766,범장망,표류
767,범장망,표류
768,범장망,표류
769,범장망,표류
770,범장망,표류
771,범장망,표류
772,범장망,표류
773,범장망,표류
774,범장망,표류
775,범장망,표류
776,낚시어선,이동
777,낚시어선,조업
778,등광조망,이동
779,등광조망,조업
780,범장망,이동
781,범장망,표류
782,연승,이동
783,유망,이동
784,유망,조업
785,유망,표류
786,저인망,이동
787,타망,이동
788,타망,조업
789,타망,표류
790,통발,이동
791,범장망,표류
792,범장망,표류
793,범장망,표류
794,범장망,표류
795,범장망,표류
796,범장망,표류
797,범장망,표류
798,범장망,표류
799,범장망,표류
800,낚시어선,이동
801,낚시어선,조업
802,등광조망,이동
803,등광조망,조업
804,범장망,이동
805,범장망,표류
806,연승,이동
807,유망,이동
808,유망,조업
809,유망,표류
810,저인망,이동
811,채낚기,표류
812,타망,이동
813,타망,조업
814,타망,표류
815,통발,이동
816,범장망,표류
817,범장망,표류
818,범장망,표류
819,범장망,표류
820,범장망,표류
821,범장망,표류
822,범장망,표류
823,범장망,표류
824,범장망,표류
825,범장망,표류
826,낚시어선,이동
827,낚시어선,표류
828,등광조망,이동
829,등광조망,조업
830,등광조망,표류
831,범장망,이동
832,범장망,조업
833,범장망,표류
834,안강망,이동
835,안강망,조업
836,안강망,표류
837,연승,이동
838,유망,이동
839,유망,조업
840,유망,표류
841,저인망,이동
842,저인망,조업
843,저인망,표류
844,채낚기,표류
845,채낚기,조업
846,타망,이동
847,타망,조업
848,타망,표류
849,통발,이동
850,통발,표류
851,낚시어선,이동
852,낚시어선,조업
853,등광조망,이동
854,등광조망,조업
855,범장망,이동
856,범장망,표류
857,연승,이동
858,유망,이동
859,유망,조업
860,유망,표류
861,저인망,이동
862,채낚기,표류
863,타망,이동
864,타망,조업
865,타망,표류
866,통발,이동
867,범장망,표류
868,범장망,표류
869,범장망,표류
870,범장망,표류
871,범장망,표류
872,범장망,표류
873,범장망,표류
874,낚시어선,이동
875,낚시어선,조업
876,등광조망,조업
877,범장망,이동
878,범장망,표류
879,연승,이동
880,유망,이동
881,유망,조업
882,유망,표류
883,저인망,이동
884,채낚기,표류
885,타망,이동
886,타망,조업
887,타망,표류
888,통발,이동
889,낚시어선,이동
890,낚시어선,조업
891,등광조망,조업
892,범장망,이동
893,범장망,표류
894,연승,이동
895,유망,조업
896,유망,표류
897,저인망,이동
898,채낚기,표류
899,타망,이동
900,타망,조업
901,타망,표류
902,통발,이동
903,낚시어선,이동
904,낚시어선,조업
905,등광조망,조업
906,범장망,이동
907,범장망,표류
908,연승,이동
909,유망,이동
910,유망,조업
911,유망,표류
912,저인망,이동
913,채낚기,표류
914,타망,이동
915,타망,조업
916,타망,표류
917,통발,이동
918,낚시어선,조업
919,범장망,이동
920,범장망,표류
921,연승,이동
922,유망,이동
923,유망,표류
924,저인망,이동
925,채낚기,표류
926,타망,이동
927,타망,조업
928,통발,이동
929,낚시어선,조업
930,등광조망,조업
931,범장망,이동
932,범장망,표류
933,유망,이동
934,유망,표류
935,저인망,이동
936,타망,이동
937,타망,조업
938,타망,표류
939,통발,이동
940,낚시어선,조업
941,등광조망,조업
942,범장망,이동
943,범장망,표류
944,유망,이동
945,유망,표류
946,저인망,이동
947,타망,이동
948,타망,조업
949,타망,표류
950,통발,이동
951,낚시어선,조업
952,등광조망,조업
953,범장망,이동
954,범장망,표류
955,유망,이동
956,유망,표류
957,저인망,이동
958,타망,이동
959,타망,조업
960,타망,표류
961,통발,이동
962,낚시어선,조업
963,등광조망,조업
964,범장망,표류
965,유망,이동
966,유망,표류
967,저인망,이동
968,채낚기,표류
969,타망,이동
970,타망,조업
971,타망,표류
972,통발,이동
973,낚시어선,이동
974,낚시어선,조업
975,등광조망,조업
976,범장망,이동
977,범장망,표류
978,유망,이동
979,유망,표류
980,저인망,이동
981,채낚기,표류
982,타망,이동
983,타망,조업
984,타망,표류
985,통발,이동
986,낚시어선,이동
987,낚시어선,조업
988,낚시어선,표류
989,등광조망,이동
990,등광조망,조업
991,등광조망,표류
992,범장망,이동
993,범장망,조업
994,범장망,표류
995,안강망,이동
996,안강망,조업
997,안강망,표류
998,연승,표류
999,유망,이동
1000,유망,조업
1001,유망,표류
1002,저인망,이동
1003,저인망,조업
1004,저인망,표류
1005,채낚기,표류
1006,채낚기,이동
1007,채낚기,조업
1008,타망,이동
1009,타망,조업
1010,타망,표류
1011,통발,이동
1012,통발,표류
1013,낚시어선,이동
1014,등광조망,조업
1015,범장망,이동
1016,범장망,표류
1017,유망,이동
1018,유망,표류
1019,저인망,이동
1020,채낚기,표류
1021,타망,이동
1022,타망,조업
1023,타망,표류
1024,통발,이동
1025,낚시어선,이동
1026,낚시어선,조업
1027,등광조망,조업
1028,범장망,이동
1029,유망,이동
1030,유망,표류
1031,저인망,이동
1032,채낚기,표류
1033,타망,이동
1034,타망,조업
1035,타망,표류
1036,통발,이동
1037,낚시어선,이동
1038,낚시어선,조업
1039,등광조망,조업
1040,범장망,이동
1041,범장망,표류
1042,유망,표류
1043,저인망,이동
1044,채낚기,표류
1045,타망,이동
1046,타망,조업
1047,타망,표류
1048,통발,이동
1049,낚시어선,이동
1050,낚시어선,조업
1051,등광조망,조업
1052,범장망,이동
1053,범장망,표류
1054,유망,표류
1055,타망,이동
1056,타망,조업
1057,타망,표류
1058,통발,이동
1059,낚시어선,이동
1060,낚시어선,조업
1061,등광조망,조업
1062,범장망,이동
1063,범장망,표류
1064,유망,표류
1065,저인망,이동
1066,타망,이동
1067,타망,조업
1068,타망,표류
1069,통발,이동
1070,낚시어선,이동
1071,낚시어선,조업
1072,등광조망,조업
1073,범장망,이동
1074,범장망,표류
1075,유망,표류
1076,저인망,이동
1077,타망,이동
1078,타망,조업
1079,타망,표류
1080,통발,이동
1081,낚시어선,이동
1082,낚시어선,조업
1083,범장망,이동
1084,범장망,표류
1085,유망,표류
1086,저인망,이동
1087,타망,이동
1088,타망,조업
1089,타망,표류
1090,통발,이동
1091,낚시어선,이동
1092,낚시어선,조업
1093,등광조망,조업
1094,범장망,이동
1095,범장망,표류
1096,유망,표류
1097,저인망,이동
1098,타망,이동
1099,타망,조업
1100,타망,표류
1101,통발,이동
1102,낚시어선,이동
1103,낚시어선,조업
1104,등광조망,조업
1105,범장망,이동
1106,범장망,표류
1107,저인망,이동
1108,타망,이동
1109,타망,조업
1110,타망,표류
1111,통발,이동
1112,낚시어선,조업
1113,등광조망,조업
1114,범장망,이동
1115,범장망,표류
1116,유망,표류
1117,저인망,이동
1118,타망,이동
1119,타망,조업
1120,타망,표류
1121,통발,이동
1122,낚시어선,이동
1123,낚시어선,조업
1124,등광조망,이동
1125,등광조망,조업
1126,등광조망,표류
1127,범장망,이동
1128,범장망,표류
1129,안강망,이동
1130,안강망,조업
1131,연승,이동
1132,연승,표류
1133,유망,이동
1134,유망,조업
1135,유망,표류
1136,저인망,이동
1137,저인망,조업
1138,채낚기,표류
1139,채낚기,이동
1140,타망,이동
1141,타망,조업
1142,타망,표류
1143,통발,이동
1144,통발,표류
1145,낚시어선,조업
1146,낚시어선,이동
1147,범장망,이동
1148,범장망,표류
1149,유망,표류
1150,저인망,이동
1151,타망,이동
1152,타망,조업
1153,타망,표류
1154,낚시어선,이동
1155,낚시어선,조업
1156,범장망,이동
1157,범장망,표류
1158,유망,표류
1159,저인망,이동
1160,타망,이동
1161,타망,조업
1162,타망,표류
1163,낚시어선,이동
1164,낚시어선,조업
1165,범장망,이동
1166,범장망,표류
1167,유망,표류
1168,저인망,이동
1169,타망,이동
1170,타망,조업
1171,타망,표류
1172,통발,이동
1173,낚시어선,이동
1174,낚시어선,조업
1175,범장망,이동
1176,범장망,표류
1177,유망,표류
1178,저인망,이동
1179,타망,이동
1180,타망,조업
1181,타망,표류
1182,낚시어선,이동
1183,낚시어선,조업
1184,범장망,이동
1185,범장망,표류
1186,타망,이동
1187,타망,조업
1188,타망,표류
1189,낚시어선,이동
1190,낚시어선,조업
1191,범장망,이동
1192,범장망,표류
1193,유망,표류
1194,타망,이동
1195,타망,조업
1196,타망,표류
1197,통발,이동
1198,낚시어선,이동
1199,낚시어선,조업
1200,범장망,이동
1201,범장망,표류
1202,유망,표류
1203,타망,이동
1204,타망,조업
1205,타망,표류
1206,통발,이동
1207,낚시어선,이동
1208,낚시어선,조업
1209,범장망,이동
1210,범장망,표류
1211,유망,표류
1212,타망,이동
1213,타망,조업
1214,타망,표류
1215,통발,이동
1216,낚시어선,조업
1217,범장망,이동
1218,범장망,표류
1219,유망,표류
1220,타망,이동
1221,타망,조업
1222,타망,표류
1223,통발,이동
1224,낚시어선,조업
1225,범장망,이동
1226,범장망,표류
1227,유망,표류
1228,타망,이동
1229,타망,조업
1230,타망,표류
1231,통발,이동
1232,낚시어선,이동
1233,낚시어선,조업
1234,낚시어선,표류
1235,등광조망,이동
1236,등광조망,조업
1237,등광조망,표류
1238,범장망,이동
1239,범장망,조업
1240,범장망,표류
1241,안강망,이동
1242,안강망,조업
1243,안강망,표류
1244,연승,이동
1245,연승,표류
1246,유망,이동
1247,유망,조업
1248,유망,표류
1249,저인망,이동
1250,저인망,조업
1251,저인망,표류
1252,채낚기,표류
1253,채낚기,이동
1254,타망,이동
1255,타망,조업
1256,타망,표류
1257,통발,이동
1258,통발,표류
1259,낚시어선,조업
1260,범장망,이동
1261,범장망,표류
1262,유망,표류
1263,타망,이동
1264,타망,표류
1265,통발,이동
1266,낚시어선,조업
1267,범장망,이동
1268,범장망,표류
1269,유망,표류
1270,타망,이동
1271,타망,조업
1272,타망,표류
1273,통발,이동
1274,낚시어선,조업
1275,범장망,이동
1276,범장망,표류
1277,유망,표류
1278,타망,이동
1279,타망,조업
1280,타망,표류
1281,통발,이동
1282,낚시어선,조업
1283,범장망,이동
1284,범장망,표류
1285,유망,표류
1286,타망,이동
1287,타망,조업
1288,타망,표류
1289,통발,이동
1290,낚시어선,조업
1291,범장망,이동
1292,범장망,표류
1293,유망,표류
1294,타망,이동
1295,타망,조업
1296,타망,표류
1297,통발,이동
1298,낚시어선,조업
1299,범장망,이동
1300,범장망,표류
1301,유망,표류
1302,타망,이동
1303,타망,조업
1304,타망,표류
1305,통발,이동
1306,낚시어선,조업
1307,범장망,이동
1308,범장망,표류
1309,유망,표류
1310,타망,이동
1311,타망,조업
1312,타망,표류
1313,낚시어선,조업
1314,범장망,이동
1315,범장망,표류
1316,유망,표류
1317,타망,이동
1318,타망,조업
1319,낚시어선,조업
1320,범장망,이동
1321,범장망,표류
1322,유망,표류
1323,타망,이동
1324,타망,조업
1325,타망,표류
1326,낚시어선,조업
1327,범장망,이동
1328,범장망,표류
1329,유망,표류
1330,타망,이동
1331,타망,조업
1332,타망,표류
1333,낚시어선,이동
1334,낚시어선,조업
1335,낚시어선,표류
1336,범장망,이동
1337,범장망,조업
1338,범장망,표류
1339,안강망,조업
1340,안강망,표류
1341,연승,이동
1342,연승,표류
1343,유망,이동
1344,유망,조업
1345,유망,표류
1346,저인망,이동
1347,저인망,조업
1348,채낚기,표류
1349,채낚기,이동
1350,타망,이동
1351,타망,조업
1352,타망,표류
1353,통발,이동
1354,통발,표류
1355,범장망,이동
1356,범장망,표류
1357,유망,표류
1358,타망,이동
1359,타망,조업
1360,타망,표류
1361,범장망,이동
1362,범장망,표류
1363,유망,표류
1364,타망,이동
1365,타망,조업
1366,타망,표류
1367,범장망,이동
1368,범장망,표류
1369,유망,표류
1370,타망,이동
1371,타망,조업
1372,타망,이동
1373,범장망,이동
1374,범장망,표류
1375,유망,표류
1376,타망,조업
1377,타망,표류
1378,타망,이동
1379,범장망,이동
1380,범장망,표류
1381,유망,표류
1382,타망,조업
1383,타망,표류
1384,타망,이동
1385,범장망,이동
1386,범장망,표류
1387,유망,표류
1388,타망,조업
1389,타망,표류
1390,타망,이동
1391,범장망,이동
1392,범장망,표류
1393,유망,표류
1394,타망,조업
1395,타망,표류
1396,타망,이동
1397,범장망,이동
1398,범장망,표류
1399,유망,표류
1400,타망,조업
1401,타망,표류
1402,타망,이동
1403,범장망,이동
1404,범장망,표류
1405,유망,표류
1406,타망,조업
1407,타망,표류
1408,타망,이동
1409,범장망,이동
1410,범장망,표류
1411,유망,표류
1412,타망,조업
1413,타망,표류
1414,낚시어선,이동
1415,낚시어선,조업
1416,낚시어선,표류
1417,등광조망,이동
1418,등광조망,조업
1419,등광조망,표류
1420,범장망,이동
1421,범장망,조업
1422,범장망,표류
1423,안강망,이동
1424,안강망,조업
1425,안강망,표류
1426,연승,이동
1427,연승,표류
1428,유망,이동
1429,유망,조업
1430,유망,표류
1431,저인망,이동
1432,저인망,조업
1433,채낚기,표류
1434,채낚기,이동
1435,타망,조업
1436,타망,표류
1437,통발,이동
1438,통발,표류
1439,타망,이동
1440,범장망,이동
1441,범장망,표류
1442,유망,표류
1443,타망,조업
1444,타망,표류
1445,타망,이동
1446,범장망,이동
1447,범장망,표류
1448,유망,표류
1449,타망,조업
1450,타망,표류
1451,타망,이동
1452,범장망,이동
1453,범장망,표류
1454,유망,표류
1455,타망,조업
1456,타망,표류
1457,타망,이동
1458,범장망,이동
1459,범장망,표류
1460,유망,표류
1461,타망,조업
1462,타망,표류
1463,타망,이동
1464,범장망,이동
1465,범장망,표류
1466,유망,표류
1467,타망,조업
1468,타망,표류
1469,타망,이동
1470,범장망,이동
1471,범장망,표류
1472,유망,표류
1473,타망,조업
1474,타망,표류
1475,타망,이동
1476,범장망,이동
1477,범장망,표류
1478,타망,조업
1479,타망,표류
1480,타망,이동
1481,범장망,이동
1482,범장망,표류
1483,유망,표류
1484,타망,조업
1485,타망,표류
1486,타망,이동
1487,범장망,이동
1488,범장망,표류
1489,유망,표류
1490,타망,조업
1491,타망,표류
1492,타망,이동
1493,범장망,이동
1494,범장망,표류
1495,유망,표류
1496,타망,조업
1497,타망,표류
1498,낚시어선,이동
1499,낚시어선,표류
1500,등광조망,이동
1501,등광조망,조업
1502,등광조망,표류
1503,범장망,이동
1504,범장망,조업
1505,범장망,표류
1506,안강망,이동
1507,안강망,조업
1508,안강망,표류
1509,연승,이동
1510,연승,표류
1511,유망,이동
1512,유망,조업
1513,유망,표류
1514,저인망,이동
1515,저인망,조업
1516,채낚기,표류
1517,채낚기,이동
1518,타망,이동
1519,타망,조업
1520,타망,표류
1521,통발,이동
1522,타망,이동
1523,범장망,이동
1524,범장망,표류
1525,유망,표류
1526,타망,조업
1527,타망,표류
1528,타망,이동
1529,범장망,이동
1530,범장망,표류
1531,유망,표류
1532,타망,조업
1533,타망,표류
1534,타망,이동
1535,범장망,이동
1536,범장망,표류
1537,유망,표류
1538,타망,조업
1539,타망,표류
1540,타망,이동
1541,범장망,이동
1542,범장망,표류
1543,유망,표류
1544,타망,조업
1545,타망,표류
1546,타망,이동
1547,범장망,이동
1548,범장망,표류
1549,유망,표류
1550,타망,조업
1551,타망,표류
1552,타망,이동
1553,범장망,이동
1554,범장망,표류
1555,유망,표류
1556,타망,조업
1557,타망,표류
1558,타망,이동
1559,범장망,이동
1560,범장망,표류
1561,유망,표류
1562,타망,조업
1563,타망,표류
1564,타망,이동
1565,범장망,이동
1566,범장망,표류
1567,유망,표류
1568,타망,조업
1569,타망,표류
1570,타망,이동
1571,범장망,표류
1572,유망,표류
1573,타망,조업
1574,타망,표류
1575,타망,이동
1576,범장망,이동
1577,범장망,표류
1578,유망,표류
1579,타망,조업
1580,타망,표류
